timestamp,asset_id,asset_type,rated_mva,asset_age_years,criticality,voltage_pu,current_a,frequency_hz,active_power_mw,reactive_power_mvar,power_factor,temperature_c,load_percent,thd_percent,previous_faults,operating_state,fault_type,failure,failure_horizon_hours,voltage_deviation,frequency_deviation,apparent_power_mva,power_utilization,reactive_to_active_ratio,thermal_stress,overload_stress,temperature_excess,harmonic_stress,power_factor_deviation,electrical_stress,combined_stress,failure_probability,prediction
2026-05-31 15:45:00,T03,transformer,40.0,17,0.85,0.9376,466.2,49.87,24.864,7.001,0.9626,65.24,67.57,5.485,2,high_risk,voltage_instability,0,72,0.0624,0.1300000000000025,25.83084390801044,0.645771097700261,0.2815717503217503,44.08266799999999,0.0,0.0,0.4850000000000003,0.0373999999999999,1.6965000000000128,78.10422288501304,0.92187876,1
2026-05-31 19:45:00,T02,transformer,63.0,11,1.0,0.9268,859.11,49.879,44.204,16.941,0.9338,63.29,76.27,4.66,0,high_risk,voltage_instability,0,37,0.0732,0.1210000000000022,47.3391074799684,0.7514144044439428,0.383245860103158,48.271283,0.0,0.0,0.0,0.0662,1.999000000000012,87.30600322219713,0.9372176,1
2026-06-01 03:30:00,T03,transformer,40.0,17,0.85,0.9193,531.77,49.909,27.461,10.056,0.939,64.08,74.62,3.426,2,high_risk,voltage_instability,0,66,0.0807,0.091000000000001,29.244309822596257,0.7311077455649064,0.3661920541859364,47.816496,0.0,0.0,0.0,0.061,1.872000000000006,85.98588327824532,0.7375523,1
2026-06-01 05:00:00,T03,transformer,40.0,17,0.85,0.9291,403.98,49.857,20.967,5.725,0.9647,62.77,56.98,4.452,3,high_risk,voltage_instability,0,53,0.0708999999999999,0.1430000000000006,21.734551157086266,0.5433637789271566,0.2730481232412839,35.766346,0.0,0.0,0.0,0.0353,1.777000000000003,64.35253494635782,0.96878606,1
2026-06-01 10:15:00,T02,transformer,63.0,11,1.0,1.0037,763.89,49.991,40.856,11.445,0.9417,103.4,70.49,2.79,0,high_risk,overheating,0,39,0.0037,0.0090000000000003,42.42877279629945,0.6734725840682452,0.2801302134325436,72.88666,0.0,23.40000000000001,0.0,0.0583,0.6650000000000023,106.63428920341228,0.7116392,1
2026-06-01 16:30:00,T02,transformer,63.0,11,1.0,1.0038,712.61,49.968,38.394,11.337,0.9366,105.24,66.24,2.829,2,high_risk,overheating,0,41,0.0038,0.0319999999999964,40.03282159678481,0.6354416126473779,0.2952805125800906,69.71097599999999,0.0,25.239999999999995,0.0,0.0634,0.8319999999999828,101.55905663236888,0.99732107,1
2026-06-01 22:15:00,T01,transformer,40.0,6,0.9,0.9276,450.37,49.87,23.87,6.852,0.9612,62.31,64.86,4.848,0,high_risk,voltage_instability,0,27,0.0724,0.1300000000000025,24.833984859462248,0.6208496214865562,0.2870548806032677,40.414266000000005,0.0,0.0,0.0,0.0387999999999999,1.7620000000000124,72.90474707432782,0.923738,1
2026-06-02 02:00:00,T01,transformer,40.0,6,0.9,0.9958,499.08,50.01,25.786,6.585,0.9467,105.38,70.07,1.65,2,high_risk,overheating,0,16,0.0041999999999999,0.009999999999998,26.61353078792816,0.665338269698204,0.2553711316218102,73.839766,0.0,25.379999999999995,0.0,0.0533,0.62499999999999,107.1906794849102,0.99234325,1
2026-06-02 02:30:00,T03,transformer,40.0,17,0.85,0.9392,482.14,49.878,24.936,6.359,0.969,65.36,67.76,5.218,4,high_risk,voltage_instability,0,19,0.0607999999999999,0.1219999999999998,25.734043152990942,0.6433510788247736,0.2550128328521013,44.287936,0.0,0.0,0.2179999999999999,0.031,1.5497999999999994,77.88948994123868,0.7849671,1
2026-06-02 12:00:00,T02,transformer,63.0,11,1.0,0.9235,697.05,49.861,37.574,13.885,0.938,62.87,64.83,4.769,1,high_risk,voltage_instability,0,21,0.0765,0.1390000000000029,40.05744251696556,0.6358324209042152,0.3695374461063501,40.758621,0.0,0.0,0.0,0.062,2.080000000000015,74.08024204521075,0.9798568,1
2026-06-02 23:15:00,T03,transformer,40.0,17,0.85,0.9711,571.37,49.983,24.307,9.016,0.9048,89.3,80.8,4.973,1,high_risk,overload,0,64,0.0289,0.017000000000003,25.925248407681657,0.6481312101920413,0.3709219566380055,72.1544,0.0,9.299999999999995,0.0,0.0951999999999999,1.326000000000015,105.13896050960209,0.87469184,1
2026-06-03 03:45:00,T03,transformer,40.0,17,0.85,0.9847,440.45,49.998,23.495,7.788,0.9275,103.68,63.85,2.688,1,high_risk,overheating,0,52,0.0152999999999999,0.0020000000000024,24.752130595162917,0.6188032648790729,0.3314747818684826,66.19968,0.0,23.680000000000007,0.0,0.0725,0.8880000000000121,97.44584324395365,0.97774565,1
2026-06-03 05:00:00,T01,transformer,40.0,6,0.9,0.9643,664.35,49.987,28.174,7.827,0.9295,91.88,91.87,6.002,2,high_risk,overload,0,26,0.0356999999999999,0.0129999999999981,29.241002120310444,0.7310250530077611,0.2778093277489884,84.410156,0.0,11.879999999999995,1.0019999999999998,0.0705,1.2271999999999903,122.67740865038805,0.9846718,1
2026-06-03 11:15:00,T02,transformer,63.0,11,1.0,0.9826,651.62,50.024,34.58,13.469,0.8886,71.38,59.66,13.024,1,high_risk,harmonic_distortion,0,56,0.0173999999999999,0.0240000000000009,37.11051550436884,0.5890558016566483,0.3895026026604974,42.585308,0.0,0.0,8.024,0.1114,2.210400000000005,80.41009808283242,0.9369658,1
2026-06-03 19:30:00,T02,transformer,63.0,11,1.0,0.961,908.15,49.992,38.965,12.181,0.9192,91.29,83.08,4.951,3,high_risk,overload,0,70,0.039,0.0080000000000026,40.824600255238266,0.6480095278609249,0.3126138842551006,75.843732,0.0,11.290000000000006,0.0,0.0807999999999999,1.2380000000000135,109.02420839304624,0.96619284,1
2026-06-03 21:00:00,T02,transformer,63.0,11,1.0,0.9223,804.65,49.898,42.323,16.701,0.9302,64.29,73.02,4.672,4,high_risk,voltage_instability,0,55,0.0776999999999999,0.1019999999999967,45.49900801116438,0.7222064763676885,0.3946081326938072,46.94455800000001,0.0,0.0,0.0,0.0697999999999999,1.9849999999999832,84.60888181838445,0.86374885,1
2026-06-03 21:15:00,T03,transformer,40.0,17,0.85,0.9318,516.65,49.893,26.41,7.917,0.9579,66.12,71.77,4.695,3,high_risk,voltage_instability,0,63,0.0682,0.1069999999999993,27.571126001670663,0.6892781500417666,0.2997728133282847,47.454324,0.0,0.0,0.0,0.0421,1.6379999999999972,83.28223150208834,0.8408075,1
2026-06-03 23:45:00,T02,transformer,63.0,11,1.0,0.9948,695.28,49.984,35.851,11.312,0.9098,70.4,61.86,12.581,0,high_risk,harmonic_distortion,0,62,0.0051999999999999,0.0159999999999982,37.59329122330207,0.596718908306382,0.3155281582103706,43.54944,0.0,0.0,7.581,0.0901999999999999,1.7920999999999905,81.07038541531911,0.80183715,1
2026-06-04 06:15:00,T03,transformer,40.0,17,0.85,0.9798,582.73,50.017,25.27,7.788,0.9235,89.78,83.15,5.315,1,high_risk,overload,0,58,0.0201999999999999,0.017000000000003,26.442878890166252,0.6610719722541563,0.3081915314602295,74.65207000000001,0.0,9.78,0.3150000000000004,0.0765,1.0835000000000152,108.42466861270782,0.8261819,1
2026-06-04 16:45:00,T02,transformer,63.0,11,1.0,0.9304,699.62,49.902,36.351,13.073,0.941,56.1,62.72,5.648,0,high_risk,voltage_instability,0,71,0.0696,0.0979999999999989,38.630279962744254,0.6131790470276866,0.3596324722841187,35.18592,0.0,0.0,0.6479999999999997,0.059,1.840799999999995,67.88487235138433,0.8582164,1
2026-06-04 19:30:00,T03,transformer,40.0,17,0.85,0.9995,591.06,50.011,30.176,8.567,0.9404,106.54,82.0,2.99,3,high_risk,overheating,0,27,0.0004999999999999,0.0110000000000027,31.368526662882974,0.7842131665720744,0.2839011134676564,87.36280000000001,0.0,26.540000000000006,0.0,0.0595999999999999,0.6560000000000132,126.58345832860373,0.9588908,1
2026-06-04 20:15:00,T03,transformer,40.0,17,0.85,0.9708,584.72,50.018,25.139,8.968,0.9074,90.38,83.83,4.78,2,high_risk,overload,0,37,0.0292,0.0180000000000006,26.690716457225346,0.6672679114306337,0.3567365448108516,75.765554,0.0,10.379999999999995,0.0,0.0926,1.3080000000000036,109.71294957153168,0.910066,1
2026-06-04 20:30:00,T03,transformer,40.0,17,0.85,0.9756,671.63,49.974,29.863,9.383,0.9197,93.69,96.58,4.774,3,high_risk,overload,0,42,0.0243999999999999,0.0260000000000033,31.302387416936742,0.7825596854234187,0.3142015202759267,90.485802,0.0,13.689999999999998,0.0,0.0803,1.177000000000017,130.10178627117094,0.9452807,1
2026-06-04 21:45:00,T03,transformer,40.0,17,0.85,0.9259,411.73,49.829,21.761,6.058,0.9634,63.24,59.13,4.627,3,high_risk,voltage_instability,0,71,0.0741,0.1709999999999993,22.58850338114502,0.5647125845286255,0.278387941730619,37.393812,0.0,0.0,0.0,0.0365999999999999,1.961999999999997,67.11144122643128,0.9896147,1
2026-06-05 05:00:00,T01,transformer,40.0,6,0.9,0.9135,504.37,49.85,26.184,9.433,0.9408,61.54,71.15,5.316,0,high_risk,voltage_instability,0,47,0.0865,0.1499999999999985,27.83133746337032,0.6957834365842579,0.3602581729300336,43.78571,0.0,0.0,0.3159999999999998,0.0592,2.2385999999999937,80.6208818292129,0.99220747,1
2026-06-05 05:30:00,T01,transformer,40.0,6,0.9,0.9348,397.42,49.828,21.426,7.284,0.9468,65.69,58.22,4.504,1,high_risk,voltage_instability,0,15,0.0652,0.171999999999997,22.630292353392164,0.5657573088348041,0.3399607952954355,38.244718,0.0,0.0,0.0,0.0532,2.043999999999986,67.8365834417402,0.8030773,1
2026-06-05 12:45:00,T01,transformer,40.0,6,0.9,0.9985,399.85,50.04,20.769,6.577,0.9317,101.9,56.44,3.029,0,high_risk,overheating,0,45,0.0014999999999999,0.0399999999999991,21.785506420554007,0.5446376605138502,0.3166738889691367,57.51236,0.0,21.90000000000001,0.0,0.0683,0.8979999999999955,84.77424302569251,0.95954585,1
2026-06-05 13:30:00,T01,transformer,40.0,6,0.9,0.9287,545.6,49.913,28.018,10.987,0.931,65.09,76.14,5.464,0,high_risk,voltage_instability,0,27,0.0713,0.0870000000000033,30.09522375726753,0.7523805939316882,0.3921407666500107,49.559526000000005,0.0,0.0,0.4640000000000004,0.0689999999999999,1.8844000000000165,89.06855569658443,0.8122561,1
2026-06-05 17:45:00,T03,transformer,40.0,17,0.85,0.9193,489.25,49.884,26.167,9.997,0.9342,64.2,71.11,5.017,0,high_risk,voltage_instability,0,14,0.0807,0.1159999999999996,28.011638616832112,0.7002909654208028,0.3820460885848588,45.65262,0.0,0.0,0.0170000000000003,0.0657999999999999,2.046699999999998,82.29816827104014,0.9691086,1
2026-06-05 18:00:00,T03,transformer,40.0,17,0.85,0.9698,533.09,50.057,23.536,8.687,0.9022,92.99,80.15,4.475,3,high_risk,overload,0,62,0.0302,0.0570000000000021,25.087990453601503,0.6271997613400375,0.3690941536369816,74.531485,0.0,12.989999999999997,0.0,0.0978,1.5650000000000108,106.49547306700188,0.95972383,1
2026-06-05 19:30:00,T02,transformer,63.0,11,1.0,0.9956,769.07,50.015,41.541,11.169,0.9208,72.45,71.67,13.314,0,high_risk,harmonic_distortion,0,38,0.0043999999999999,0.0150000000000005,43.01629042583751,0.6827982607275795,0.2688669025781758,51.924915,0.0,0.0,8.314,0.0792,1.742400000000003,94.46682803637896,0.9032232,1
2026-06-05 20:15:00,T01,transformer,40.0,6,0.9,0.999,528.61,49.973,28.533,7.839,0.9201,70.94,77.54,13.13,0,high_risk,harmonic_distortion,0,37,0.001,0.027000000000001,29.590235044689997,0.7397558761172499,0.2747345179266113,55.006876000000005,0.0,0.0,8.13,0.0798999999999999,1.757000000000005,100.14466980586248,0.8697349,1
2026-06-06 01:15:00,T02,transformer,63.0,11,1.0,0.9298,783.4,49.894,42.084,12.696,0.9574,64.11,72.61,4.571,1,high_risk,voltage_instability,0,50,0.0702,0.1060000000000016,43.957382451642864,0.6977362293911565,0.3016823495865411,46.550271,0.0,0.0,0.0,0.0425999999999999,1.6580000000000084,82.84108246955782,0.9158172,1
2026-06-06 12:30:00,T03,transformer,40.0,17,0.85,0.9354,455.66,49.878,23.592,8.644,0.939,64.97,64.11,5.003,1,high_risk,voltage_instability,0,71,0.0645999999999999,0.1219999999999998,25.125707950225003,0.6281426987556251,0.3663953882672092,41.652267,0.0,0.0,0.0030000000000001,0.061,1.8663,74.35440193778126,0.8640416,1
2026-06-06 13:00:00,T03,transformer,40.0,17,0.85,0.9807,594.53,49.983,25.052,7.291,0.9252,91.42,83.79,4.563,0,high_risk,overload,0,55,0.0192999999999999,0.017000000000003,26.09140442751214,0.6522851106878035,0.2910346479323008,76.600818,0.0,11.420000000000002,0.0,0.0747999999999999,1.026000000000015,109.60107353439015,0.95623744,1
2026-06-06 13:30:00,T03,transformer,40.0,17,0.85,0.9257,474.52,49.844,24.44,8.415,0.9455,62.47,66.41,5.14,5,high_risk,voltage_instability,0,37,0.0743,0.1559999999999988,25.848130009731847,0.6462032502432962,0.3443126022913256,41.486327,0.0,0.0,0.1399999999999996,0.0544999999999999,2.081999999999994,75.42248951216482,0.9901633,1
2026-06-06 18:15:00,T03,transformer,40.0,17,0.85,1.0092,451.02,49.998,24.084,8.045,0.9057,73.36,65.45,13.833,4,high_risk,harmonic_distortion,0,63,0.0092,0.0020000000000024,25.392146049516963,0.634803651237924,0.3340391961468195,48.014120000000005,0.0,0.0,8.833,0.0943,1.9283000000000137,88.7713025618962,0.96873796,1
2026-06-06 18:30:00,T03,transformer,40.0,17,0.85,0.9898,456.33,50.01,23.692,8.129,0.9236,100.94,64.38,3.266,3,high_risk,overheating,0,48,0.0101999999999999,0.009999999999998,25.047784432959336,0.6261946108239834,0.3431115988519331,64.98517199999999,0.0,20.94,0.0,0.0764,0.9159999999999902,96.49890254119916,0.8786055,1
2026-06-06 19:45:00,T03,transformer,40.0,17,0.85,0.9739,617.42,50.004,27.334,9.351,0.9117,90.62,89.8,5.019,2,high_risk,overload,0,19,0.0261,0.0039999999999977,28.889249851804735,0.7222312462951184,0.342101412160679,81.37676,0.0,10.620000000000005,0.0190000000000001,0.0883,1.1658999999999895,118.02932231475592,0.8890288,1
2026-06-07 04:15:00,T02,transformer,63.0,11,1.0,0.9599,849.31,49.969,36.962,11.124,0.9257,85.34,78.11,4.312,4,high_risk,overload,0,39,0.0401,0.0309999999999988,38.59964792585549,0.6126928242199284,0.3009577403820139,66.659074,0.0,5.340000000000003,0.0,0.0743,1.2989999999999946,98.09571521099645,0.7644798,1
2026-06-07 12:15:00,T02,transformer,63.0,11,1.0,1.0058,712.98,50.016,38.233,13.256,0.9233,103.17,65.97,2.987,0,high_risk,overheating,0,38,0.0058,0.0159999999999982,40.46583528113561,0.6423148457323112,0.3467161875866398,68.061249,0.0,23.17,0.0,0.0766999999999999,0.9049999999999914,100.29299128661556,0.88720024,1
2026-06-08 01:15:00,T03,transformer,40.0,17,0.85,0.9671,595.46,49.965,25.684,7.095,0.9318,89.72,84.23,5.186,4,high_risk,overload,0,29,0.0329,0.0349999999999965,26.64595430829979,0.6661488577074948,0.2762420183771998,75.571156,0.0,9.72,0.1859999999999999,0.0682,1.2045999999999837,109.72259888537477,0.8034371,1
2026-06-08 13:00:00,T01,transformer,40.0,6,0.9,0.928,478.98,49.893,25.839,8.233,0.9528,63.06,70.22,4.844,4,high_risk,voltage_instability,0,51,0.0719999999999999,0.1069999999999993,27.11892715429576,0.677973178857394,0.3186268818452727,44.280732,0.0,0.0,0.0,0.0472,1.7269999999999963,79.6193909428697,0.8692471,1
2026-06-08 13:30:00,T03,transformer,40.0,17,0.85,0.9903,545.72,49.963,29.318,8.277,0.9182,74.32,79.67,13.132,2,high_risk,harmonic_distortion,0,64,0.0097,0.036999999999999,30.46397631629857,0.7615994079074643,0.282318029879255,59.210744,0.0,0.0,8.132,0.0817999999999999,1.9131999999999951,105.61671439537322,0.90748954,1
2026-06-08 14:15:00,T03,transformer,40.0,17,0.85,0.9387,494.82,49.874,26.614,8.221,0.9555,63.75,72.32,4.906,2,high_risk,voltage_instability,0,52,0.0613,0.1259999999999976,27.85479917357151,0.6963699793392878,0.3088975727060945,46.104,0.0,0.0,0.0,0.0444999999999999,1.6879999999999884,82.14849896696438,0.7305412,1
2026-06-08 15:45:00,T03,transformer,40.0,17,0.85,0.9943,523.5,49.984,27.624,10.2,0.8932,74.86,75.07,13.532,2,high_risk,harmonic_distortion,0,65,0.0057,0.0159999999999982,29.446992647807004,0.7361748161951751,0.3692441355343179,56.19740199999999,0.0,0.0,8.532,0.1068,2.0581999999999914,101.65214280975874,0.9513375,1
2026-06-08 19:15:00,T02,transformer,63.0,11,1.0,0.9913,751.61,50.003,39.571,12.918,0.9087,72.63,68.27,13.124,1,high_risk,harmonic_distortion,0,30,0.0087,0.0030000000000001,41.62617884216614,0.6607329974947006,0.3264511890020469,49.58450099999999,0.0,0.0,8.124,0.0913,1.8274000000000017,90.91915087473502,0.73155504,1
2026-06-08 21:15:00,T03,transformer,40.0,17,0.85,0.9349,388.58,49.857,20.612,5.577,0.9653,63.38,56.01,4.963,2,high_risk,voltage_instability,0,28,0.0651,0.1430000000000006,21.353160726225052,0.5338290181556263,0.2705705414321754,35.499137999999995,0.0,0.0,0.0,0.0346999999999999,1.7130000000000034,63.49258890778131,0.949436,1
2026-06-08 21:45:00,T03,transformer,40.0,17,0.85,1.0199,295.0,50.001,15.125,5.089,0.9256,101.25,41.1,2.41,3,high_risk,overheating,0,65,0.0199,0.0009999999999976,15.9581811620247,0.3989545290506174,0.3364628099173554,41.61375,0.0,21.25,0.0,0.0744,0.9479999999999889,61.95947645253088,0.98959154,1
2026-06-09 02:00:00,T02,transformer,63.0,11,1.0,0.9416,913.29,49.89,47.205,13.831,0.9597,66.88,81.44,6.037,1,high_risk,voltage_instability,0,67,0.0584,0.1099999999999994,49.18951703361195,0.7807859846605071,0.2929986230272217,54.467072,0.0,0.0,1.037,0.0403,1.6406999999999972,95.71137123302536,0.88227546,1
2026-06-09 03:30:00,T01,transformer,40.0,6,0.9,0.9976,565.85,49.98,29.222,7.847,0.9455,106.21,79.41,2.205,0,high_risk,overheating,0,63,0.0023999999999999,0.0200000000000031,30.257241992620543,0.7564310498155137,0.2685305591677503,84.34136099999999,0.0,26.209999999999994,0.0,0.0544999999999999,0.6690000000000151,122.21091349077568,0.99255556,1
2026-06-09 10:45:00,T01,transformer,40.0,6,0.9,0.9335,488.54,49.872,25.896,6.509,0.9698,65.15,70.37,5.66,0,high_risk,voltage_instability,0,54,0.0665,0.1280000000000001,26.70149615658269,0.6675374039145672,0.2513515600864998,45.84605500000001,0.0,0.0,0.6600000000000001,0.0302,1.6730000000000007,81.21292519572836,0.9456714,1
2026-06-09 18:00:00,T03,transformer,40.0,17,0.85,0.9781,607.5,49.995,27.16,10.205,0.9035,91.45,88.49,5.01,0,high_risk,overload,0,48,0.0219,0.0050000000000025,29.013921227576255,0.7253480306894063,0.3757363770250368,80.924105,0.0,11.450000000000005,0.0099999999999997,0.0965,1.2100000000000133,117.63950653447031,0.848594,1
2026-06-09 23:30:00,T01,transformer,40.0,6,0.9,0.9948,487.67,49.981,25.242,9.142,0.8974,73.57,68.59,13.803,1,high_risk,harmonic_distortion,0,60,0.0051999999999999,0.0189999999999983,26.846503086994403,0.67116257717486,0.3621741541874653,50.461663,0.0,0.0,8.803,0.1026,2.053299999999992,92.926791858743,0.9568051,1
2026-06-10 05:15:00,T01,transformer,40.0,6,0.9,0.9247,584.78,49.933,30.176,11.35,0.936,65.0,82.0,5.169,0,high_risk,voltage_instability,0,21,0.0753,0.0670000000000001,32.239936042120185,0.8059984010530046,0.376126723223754,53.3,0.0,0.0,0.1689999999999996,0.0639999999999999,1.7449000000000006,95.27492005265022,0.74234504,1
2026-06-10 08:45:00,T03,transformer,40.0,17,0.85,0.9376,417.8,49.877,22.618,8.359,0.938,63.95,61.46,4.81,2,high_risk,voltage_instability,0,45,0.0624,0.1229999999999975,24.11320810261463,0.6028302025653658,0.3695729065346185,39.30367,0.0,0.0,0.0,0.062,1.8589999999999884,70.6931801282683,0.7347592,1
2026-06-10 13:15:00,T03,transformer,40.0,17,0.85,0.9398,501.18,49.866,26.089,9.343,0.9414,64.26,70.89,5.179,1,high_risk,voltage_instability,0,38,0.0602,0.1340000000000003,27.71150609403971,0.6927876523509927,0.3581202805780214,45.553914000000006,0.0,0.0,0.1790000000000002,0.0585999999999999,1.875900000000002,81.57629661754964,0.82288134,1
2026-06-10 18:30:00,T02,transformer,63.0,11,1.0,0.9983,629.25,49.997,32.623,8.881,0.943,102.6,56.28,1.539,2,high_risk,overheating,0,57,0.0017,0.0030000000000001,33.810239425357516,0.5366704670691669,0.2722312478925911,57.74328,0.0,22.59999999999999,0.0,0.057,0.6020000000000014,84.61080335345835,0.9537369,1
2026-06-11 00:45:00,T03,transformer,40.0,17,0.85,0.9834,553.47,50.03,24.468,9.043,0.9036,90.14,81.98,5.481,1,high_risk,overload,0,69,0.0165999999999999,0.0300000000000011,26.085606625110337,0.6521401656277583,0.3695847637730913,73.896772,0.0,10.14,0.4809999999999998,0.0964,1.3281000000000056,107.3167802813879,0.8938943,1
2026-06-11 11:15:00,T03,transformer,40.0,17,0.85,0.9706,607.44,50.035,26.16,9.889,0.9001,94.3,86.95,4.609,3,high_risk,overload,0,39,0.0293999999999999,0.0349999999999965,27.96672882194126,0.6991682205485314,0.3780198776758409,81.99385000000001,0.0,14.299999999999995,0.0,0.0998999999999999,1.4679999999999829,117.54026102742657,0.98638827,1
2026-06-11 11:30:00,T03,transformer,40.0,17,0.85,0.9256,487.36,49.847,25.557,10.175,0.9291,68.46,69.45,4.979,3,high_risk,voltage_instability,0,20,0.0744,0.1529999999999987,27.508014722985735,0.6877003680746434,0.398129670931643,47.545469999999995,0.0,0.0,0.0,0.0708999999999999,2.2179999999999933,83.41848840373217,0.9690591,1
2026-06-11 21:15:00,T03,transformer,40.0,17,0.85,0.9955,506.23,49.987,27.303,7.583,0.943,106.84,74.19,2.858,1,high_risk,overheating,0,59,0.0044999999999999,0.0129999999999981,28.33647292801276,0.708411823200319,0.2777350474306853,79.264596,0.0,26.840000000000003,0.0,0.057,0.6799999999999906,114.77518716001596,0.971639,1
2026-06-11 22:45:00,T02,transformer,63.0,11,1.0,0.9238,728.1,49.903,38.909,14.339,0.9383,67.72,67.13,5.272,1,high_risk,voltage_instability,0,20,0.0762,0.0970000000000013,41.46706165138784,0.658207327799807,0.3685265619779486,45.460436,0.0,0.0,0.2720000000000002,0.0616999999999999,1.8912000000000069,80.16680238999037,0.93878675,1
2026-06-12 06:00:00,T03,transformer,40.0,17,0.85,0.9747,639.73,49.998,27.673,9.946,0.9053,90.94,91.29,4.274,1,high_risk,overload,0,60,0.0252999999999999,0.0020000000000024,29.40608516956992,0.735152129239248,0.3594117009359303,83.019126,0.0,10.939999999999998,0.0,0.0947,1.2100000000000122,120.2827324619624,0.8729706,1
2026-06-12 17:45:00,T03,transformer,40.0,17,0.85,0.9352,530.49,49.849,28.401,7.694,0.9652,70.22,77.18,4.812,4,high_risk,voltage_instability,0,36,0.0647999999999999,0.1510000000000033,29.424724926496765,0.7356181231624191,0.2709059540157036,54.195796,0.0,0.0,0.0,0.0348,1.751000000000017,92.27270215812096,0.87612367,1
2026-06-13 07:15:00,T03,transformer,40.0,17,0.85,1.0141,440.97,49.977,23.036,6.936,0.9138,71.82,62.6,13.424,0,high_risk,harmonic_distortion,0,32,0.0141,0.0230000000000032,24.05754334922833,0.6014385837307082,0.301093939920125,44.95932,0.0,0.0,8.424,0.0862,1.9604000000000168,83.73724918653541,0.93788934,1
2026-06-13 12:30:00,T02,transformer,63.0,11,1.0,0.9291,758.05,49.882,39.523,12.926,0.9505,66.12,68.19,4.701,1,high_risk,voltage_instability,0,50,0.0708999999999999,0.1180000000000021,41.58303746721733,0.6600482137653545,0.3270500721099106,45.087228,0.0,0.0,0.0,0.0494999999999999,1.79400000000001,79.50763868826772,0.95258087,1
2026-06-13 18:00:00,T03,transformer,40.0,17,0.85,0.9662,442.73,50.016,19.37,7.45,0.8996,87.8,67.81,4.502,1,high_risk,overload,0,28,0.0338,0.0159999999999982,20.753298533004337,0.5188324633251085,0.3846153846153846,59.53718,0.0,7.799999999999997,0.0,0.1004,1.4219999999999922,86.15480316625542,0.85769767,1
2026-06-13 22:15:00,T02,transformer,63.0,11,1.0,0.9268,763.91,49.862,40.361,15.945,0.9301,62.34,69.64,5.977,1,high_risk,voltage_instability,0,50,0.0732,0.1379999999999981,43.39646697601084,0.6888328091430292,0.3950595872252918,43.413576000000006,0.0,0.0,0.9770000000000004,0.0698999999999999,2.218699999999991,80.29621645715147,0.98773533,1
2026-06-13 22:30:00,T03,transformer,40.0,17,0.85,0.9962,503.74,49.993,25.792,8.496,0.9289,105.35,70.09,2.155,4,high_risk,overheating,0,39,0.0038,0.0069999999999978,27.155280886044984,0.6788820221511246,0.3294044665012406,73.839815,0.0,25.34999999999999,0.0,0.0711,0.7839999999999903,107.85991610755622,0.90279156,1
2026-06-13 23:30:00,T03,transformer,40.0,17,0.85,0.9337,481.13,49.836,26.005,9.863,0.935,65.35,70.67,4.081,5,high_risk,voltage_instability,0,25,0.0663,0.1640000000000014,27.81256539767592,0.6953141349418981,0.3792732166890982,46.182845,0.0,0.0,0.0,0.0649999999999999,2.133000000000007,82.2745517470949,0.8108568,1
2026-06-14 12:00:00,T03,transformer,40.0,17,0.85,0.9234,498.09,49.812,25.807,7.562,0.9597,65.7,70.13,4.881,2,high_risk,voltage_instability,0,15,0.0766,0.1880000000000024,26.892100940610792,0.6723025235152698,0.2930212732979424,46.075410000000005,0.0,0.0,0.0,0.0403,2.109000000000012,81.2225361757635,0.99504954,1
2026-06-14 16:45:00,T01,transformer,40.0,6,0.9,0.9706,659.43,50.016,28.247,7.775,0.9309,92.84,91.72,4.943,0,high_risk,overload,0,22,0.0293999999999999,0.0159999999999982,29.297502180220075,0.7324375545055019,0.2752504690763621,85.15284799999999,0.0,12.840000000000003,0.0,0.0691,1.0649999999999915,122.36272572527508,0.9366892,1
2026-06-14 22:30:00,T01,transformer,40.0,6,0.9,0.9586,646.95,49.981,28.545,7.273,0.9332,93.87,93.7,4.671,2,high_risk,overload,0,38,0.0413999999999999,0.0189999999999983,29.456978018798875,0.7364244504699718,0.2547906813802767,87.95619,0.0,13.870000000000005,0.0,0.0667999999999999,1.1769999999999914,125.6054125234986,0.9913145,1
2026-06-15 06:45:00,T03,transformer,40.0,17,0.85,0.9969,526.51,50.023,27.889,10.313,0.9162,107.33,75.79,2.541,2,high_risk,overheating,0,16,0.0030999999999999,0.0230000000000032,29.734732048565697,0.7433683012141424,0.3697873713650543,81.34540700000001,0.0,27.33,0.0,0.0837999999999999,0.984000000000016,118.57582206070713,0.9691658,1
2026-06-15 14:45:00,T01,transformer,40.0,6,0.9,0.9389,504.86,49.86,26.428,7.017,0.9665,62.61,71.82,5.446,0,high_risk,voltage_instability,0,38,0.0611,0.1400000000000005,27.3436916490806,0.683592291227015,0.2655138489480854,44.96650199999999,0.0,0.0,0.4459999999999997,0.0334999999999999,1.690600000000003,80.81411656135073,0.8793549,1
2026-06-15 21:15:00,T01,transformer,40.0,6,0.9,0.9917,497.22,50.025,26.021,7.229,0.9202,72.35,70.71,12.996,0,high_risk,harmonic_distortion,0,17,0.0082999999999999,0.0249999999999985,27.00649703312149,0.6751624258280373,0.27781407324853,51.158685,0.0,0.0,7.996,0.0797999999999999,1.8055999999999923,93.07880629140185,0.71463466,1
2026-06-15 21:45:00,T01,transformer,40.0,6,0.9,0.9836,412.73,49.966,22.233,5.928,0.9213,67.43,60.42,13.712,1,high_risk,harmonic_distortion,0,62,0.0163999999999999,0.0339999999999989,23.009725617660028,0.5752431404415007,0.2666306841182027,40.741206000000005,0.0,0.0,8.712,0.0786999999999999,1.9921999999999944,78.54336302207504,0.94458425,1
2026-06-16 01:45:00,T02,transformer,63.0,11,1.0,1.0031,726.71,49.967,39.395,12.422,0.9106,69.22,67.97,13.237,0,high_risk,harmonic_distortion,0,68,0.0031000000000001,0.0330000000000012,41.30704672328924,0.6556674083061784,0.3153192029445361,47.048834,0.0,0.0,8.237,0.0894,1.9137000000000075,88.13120441530891,0.89723986,1
2026-06-16 05:15:00,T01,transformer,40.0,6,0.9,1.0148,444.58,49.984,23.004,8.281,0.9191,102.23,62.51,3.403,1,high_risk,overheating,0,26,0.0147999999999999,0.0159999999999982,24.449109942899764,0.6112277485724941,0.359980872891671,63.90397299999999,0.0,22.230000000000004,0.0,0.0808999999999999,1.0369999999999902,94.76136042862468,0.8575723,1
2026-06-16 06:00:00,T03,transformer,40.0,17,0.85,0.9322,411.62,49.872,21.093,5.652,0.9659,63.78,57.32,5.041,1,high_risk,voltage_instability,0,23,0.0677999999999999,0.1280000000000001,21.837118697300703,0.5459279674325176,0.2679561939980088,36.558696,0.0,0.0,0.0410000000000003,0.0341,1.6631000000000005,65.25209437162587,0.95519257,1
2026-06-16 20:15:00,T03,transformer,40.0,17,0.85,0.9959,437.75,49.992,23.696,7.134,0.9353,105.1,64.39,2.83,3,high_risk,overheating,0,46,0.0040999999999999,0.0080000000000026,24.74660324165723,0.6186650810414307,0.3010634706279541,67.67389,0.0,25.09999999999999,0.0,0.0646999999999999,0.7280000000000131,98.68914405207153,0.9859139,1
2026-06-17 05:30:00,T03,transformer,40.0,17,0.85,0.9325,504.57,49.851,26.116,8.284,0.9532,64.23,70.97,4.068,1,high_risk,voltage_instability,0,51,0.0675,0.1490000000000009,27.398359658928488,0.6849589914732122,0.3172001837953745,45.584031,0.0,0.0,0.0,0.0467999999999999,1.888000000000004,81.18198057366061,0.9124035,1
2026-06-17 10:00:00,T03,transformer,40.0,17,0.85,0.9252,402.36,49.885,20.684,8.009,0.9325,58.62,56.21,4.877,4,high_risk,voltage_instability,0,20,0.0747999999999999,0.1150000000000019,22.18044041492414,0.5545110103731035,0.3872075033842583,32.95030199999999,0.0,0.0,0.0,0.0675,1.9980000000000095,62.171852518655164,0.9643137,1
2026-06-17 13:45:00,T03,transformer,40.0,17,0.85,0.9978,558.18,50.035,28.741,11.164,0.8884,73.39,78.1,13.855,0,high_risk,harmonic_distortion,0,63,0.0021999999999999,0.0349999999999965,30.83309872523357,0.7708274681308392,0.3884346404091716,57.31759,0.0,0.0,8.855,0.1116,2.1984999999999832,104.75796340654196,0.9884956,1
2026-06-18 00:15:00,T02,transformer,63.0,11,1.0,0.9228,700.0,49.887,37.879,10.833,0.9615,64.2,65.35,5.703,0,high_risk,voltage_instability,0,39,0.0772,0.1129999999999995,39.39762086725542,0.6253590613850066,0.2859895984582487,41.9547,0.0,0.0,0.7030000000000003,0.0384999999999999,1.792299999999998,75.46965306925033,0.9858796,1
2026-06-18 01:15:00,T02,transformer,63.0,11,1.0,0.9391,785.07,49.835,41.753,11.585,0.9636,67.18,72.04,4.753,1,high_risk,voltage_instability,0,52,0.0608999999999999,0.1649999999999991,43.33041926868467,0.6877844328362647,0.277465092328695,48.39647200000001,0.0,0.0,0.0,0.0363999999999999,1.7979999999999952,84.00369364181326,0.92828107,1
2026-06-18 08:15:00,T03,transformer,40.0,17,0.85,0.9901,548.56,50.031,28.692,9.577,0.9264,106.36,77.97,1.847,3,high_risk,overheating,0,49,0.0099,0.0309999999999988,30.248137017013132,0.7562034254253283,0.3337864213021051,82.92889199999999,0.0,26.36,0.0,0.0736,0.9899999999999942,120.9370632712664,0.82158655,1
2026-06-18 20:30:00,T01,transformer,40.0,6,0.9,0.9254,400.83,49.87,21.333,6.233,0.9599,61.43,57.97,4.446,0,high_risk,voltage_instability,0,46,0.0746,0.1300000000000025,22.224922452058184,0.5556230613014546,0.292176440256879,35.610971,0.0,0.0,0.0,0.0401,1.797000000000013,64.88412406507273,0.9061401,1
2026-06-18 20:45:00,T01,transformer,40.0,6,0.9,0.996,431.21,49.993,23.04,7.533,0.9291,102.41,62.61,2.909,0,high_risk,overheating,0,40,0.004,0.0069999999999978,24.24020810554233,0.6060052026385582,0.326953125,64.118901,0.0,22.409999999999997,0.0,0.0708999999999999,0.7839999999999892,94.4991611319279,0.9608515,1
2026-06-18 23:45:00,T01,transformer,40.0,6,0.9,0.9664,601.96,49.987,25.742,6.503,0.9345,91.66,85.74,4.412,1,high_risk,overload,0,13,0.0335999999999999,0.0129999999999981,26.550698164078472,0.6637674541019618,0.2526221738792634,78.58928399999999,0.0,11.659999999999997,0.0,0.0655,1.0559999999999905,112.44965670509808,0.96265584,1
2026-06-19 00:15:00,T01,transformer,40.0,6,0.9,0.926,437.77,49.834,22.576,5.807,0.9685,60.62,61.35,3.925,2,high_risk,voltage_instability,0,69,0.0739999999999999,0.1659999999999968,23.310877825598933,0.5827719456399734,0.2572200566973777,37.19037,0.0,0.0,0.0,0.0314999999999999,1.8849999999999831,67.80896728199868,0.91516566,1
2026-06-19 08:00:00,T03,transformer,40.0,17,0.85,0.9207,389.58,49.877,20.838,5.571,0.9661,63.65,56.63,4.993,1,high_risk,voltage_instability,0,39,0.0793,0.1229999999999975,21.569846661485567,0.5392461665371392,0.2673481140224589,36.044995,0.0,0.0,0.0,0.0339,1.7469999999999886,64.59330332685695,0.98612785,1
2026-06-19 18:30:00,T02,transformer,63.0,11,1.0,1.0069,610.04,49.978,31.316,9.835,0.9325,99.78,54.03,2.388,3,high_risk,overheating,0,19,0.0068999999999999,0.0219999999999984,32.82406253040595,0.5210168655619992,0.3140567122237834,53.911134,0.0,19.78,0.0,0.0675,0.8539999999999914,80.09997727809997,0.86092186,1
2026-06-19 20:15:00,T02,transformer,63.0,11,1.0,0.9207,653.09,49.882,33.505,10.049,0.9578,62.47,57.81,4.763,0,high_risk,voltage_instability,0,69,0.0793,0.1180000000000021,34.97952867035232,0.5552306138151163,0.2999253842710043,36.113907,0.0,0.0,0.0,0.0422,1.805000000000011,65.46143769075582,0.9713022,1
2026-06-20 05:15:00,T02,transformer,63.0,11,1.0,0.9361,735.0,49.827,38.207,11.128,0.9601,63.94,65.92,5.853,2,high_risk,voltage_instability,0,34,0.0638999999999999,0.1730000000000018,39.79456285725476,0.6316597278929327,0.2912555290915277,42.149248,0.0,0.0,0.8529999999999998,0.0399,1.988300000000009,75.86323439464664,0.9835686,1
2026-06-20 06:45:00,T02,transformer,63.0,11,1.0,0.9971,723.52,50.043,37.956,11.332,0.9363,104.4,65.49,2.231,3,high_risk,overheating,0,38,0.0029,0.0429999999999992,39.61151549739041,0.6287542142442921,0.2985562229950469,68.37156,0.0,24.40000000000001,0.0,0.0636999999999999,0.8809999999999962,99.86727071221462,0.79486936,1
2026-06-20 12:00:00,T02,transformer,63.0,11,1.0,1.0128,713.85,49.994,38.01,11.607,0.9351,104.77,65.58,2.713,0,high_risk,overheating,0,47,0.0127999999999999,0.0060000000000002,39.74270434935197,0.6308365769738408,0.3053670086819258,68.70816599999999,0.0,24.769999999999996,0.0,0.0648999999999999,0.8069999999999999,100.50599484869204,0.96985114,1
2026-06-20 21:45:00,T03,transformer,40.0,17,0.85,1.0035,443.16,50.026,22.678,5.754,0.9487,103.4,61.63,2.326,0,high_risk,overheating,0,16,0.0035,0.0260000000000033,23.39658522092487,0.5849146305231218,0.2537260781374018,63.72542000000001,0.0,23.40000000000001,0.0,0.0513,0.6780000000000175,93.0411515261561,0.8050216,1
2026-06-21 05:15:00,T02,transformer,63.0,11,1.0,0.9285,813.89,49.886,43.53,17.217,0.9299,65.15,75.1,4.588,2,high_risk,voltage_instability,0,19,0.0715,0.1139999999999972,46.81117376225467,0.7430345041627725,0.3955203308063404,48.92765,0.0,0.0,0.0,0.0701,1.9859999999999869,87.50937520813864,0.8239137,1
2026-06-21 11:00:00,T03,transformer,40.0,17,0.85,1.0001,568.86,49.987,29.212,7.468,0.9245,76.75,79.38,13.636,4,high_risk,harmonic_distortion,0,72,9.9999999999989e-05,0.0129999999999981,30.15148367825371,0.7537870919563427,0.2556483636861564,60.92415,0.0,0.0,8.636,0.0755,1.6845999999999903,107.25150459781712,0.9892162,1
2026-06-21 13:00:00,T01,transformer,40.0,6,0.9,1.0114,434.02,49.963,23.264,6.826,0.9371,103.79,63.22,2.462,1,high_risk,overheating,0,37,0.0114,0.036999999999999,24.24475143201101,0.6061187858002752,0.2934147180192572,65.616038,0.0,23.790000000000006,0.0,0.0628999999999999,0.9279999999999956,96.14997729001377,0.9810495,1
2026-06-22 01:45:00,T03,transformer,40.0,17,0.85,0.9867,713.68,49.99,30.176,10.745,0.9075,92.75,97.56,5.179,1,high_risk,overload,0,38,0.0132999999999999,0.009999999999998,32.03195281277743,0.8007988203194358,0.3560776776246023,90.4869,0.0,12.75,0.1790000000000002,0.0925,1.12589999999999,130.9718410159718,0.9077721,1
2026-06-22 08:00:00,T03,transformer,40.0,17,0.85,0.9685,531.99,50.01,23.587,8.092,0.9105,90.11,80.01,4.848,2,high_risk,overload,0,18,0.0314999999999999,0.009999999999998,24.936459913147253,0.6234114978286813,0.3430703353542205,72.09701100000001,0.0,10.11,0.0,0.0895,1.25999999999999,103.89758589143406,0.94966495,1
2026-06-22 09:00:00,T03,transformer,40.0,17,0.85,0.9346,436.34,49.869,23.041,8.239,0.9416,65.21,62.61,4.196,2,high_risk,voltage_instability,0,43,0.0654,0.1310000000000002,24.469752798097492,0.6117438199524373,0.3575799661473026,40.827980999999994,0.0,0.0,0.0,0.0584,1.8930000000000011,72.72317199762186,0.78969663,1
2026-06-22 10:15:00,T01,transformer,40.0,6,0.9,1.0035,491.75,49.975,25.647,10.245,0.9068,105.24,69.69,3.213,0,high_risk,overheating,0,67,0.0035,0.0249999999999985,27.617542142631013,0.6904385535657753,0.3994619253713884,73.34175599999999,0.0,25.239999999999995,0.0,0.0931999999999999,1.091999999999993,107.93368367828876,0.96857834,1
2026-06-22 11:15:00,T02,transformer,63.0,11,1.0,0.9549,711.84,49.962,30.545,8.253,0.93,86.79,68.6,4.415,1,high_risk,overload,0,60,0.0451,0.0379999999999967,31.64030710976112,0.5022270969803353,0.2701915207071533,59.53794,0.0,6.790000000000006,0.0,0.0699999999999999,1.340999999999983,85.55129484901677,0.99349546,1
2026-06-22 12:00:00,T02,transformer,63.0,11,1.0,0.9358,790.88,49.847,40.576,10.551,0.9678,65.27,70.01,4.246,2,high_risk,voltage_instability,0,72,0.0642,0.1529999999999987,41.92535482258916,0.6654818225807804,0.2600305599369085,45.695527,0.0,0.0,0.0,0.0322,1.728999999999994,80.25361812903903,0.9219332,1
2026-06-22 17:45:00,T02,transformer,63.0,11,1.0,0.9184,586.99,49.879,30.116,9.571,0.953,61.65,51.96,4.774,1,high_risk,voltage_instability,0,69,0.0816,0.1210000000000022,31.60027685005307,0.5015916960325885,0.317804489308009,32.033339999999995,0.0,0.0,0.0,0.047,1.8910000000000116,58.744924801629416,0.9746961,1
2026-06-22 22:30:00,T03,transformer,40.0,17,0.85,1.0032,486.07,49.96,25.525,8.004,0.9326,104.61,69.36,2.601,0,high_risk,overheating,0,49,0.0032,0.0399999999999991,26.7505073036008,0.66876268259002,0.3135749265426052,72.557496,0.0,24.61,0.0,0.0674,0.9059999999999968,106.059630129501,0.86854446,1
2026-06-23 00:30:00,T01,transformer,40.0,6,0.9,0.9264,382.54,49.85,19.727,5.262,0.9662,59.93,53.61,4.5,2,high_risk,voltage_instability,0,71,0.0736,0.1499999999999985,20.41673756994491,0.5104184392486227,0.2667410148527399,32.128473,0.0,0.0,0.0,0.0338,1.8239999999999936,59.12139496243113,0.9262642,1
2026-06-23 01:45:00,T02,transformer,63.0,11,1.0,0.9375,731.71,49.852,37.953,11.843,0.9546,61.72,65.48,4.401,0,high_risk,voltage_instability,0,51,0.0625,0.1480000000000032,39.75785278407274,0.6310770283186149,0.3120438437014201,40.414256,0.0,0.0,0.0,0.0453999999999999,1.819000000000016,73.21810741593075,0.81763786,1
2026-06-23 02:30:00,T02,transformer,63.0,11,1.0,1.0068,735.92,49.99,38.45,14.643,0.8923,75.12,66.34,13.281,3,high_risk,harmonic_distortion,0,26,0.0067999999999999,0.009999999999998,41.14389321636931,0.6530776701011001,0.3808322496749025,49.83460800000001,0.0,0.0,8.281,0.1077,2.0230999999999897,90.905491505055,0.930171,1
2026-06-23 14:15:00,T01,transformer,40.0,6,0.9,0.9356,454.98,49.856,24.34,9.342,0.9336,65.1,66.14,5.127,0,high_risk,voltage_instability,0,51,0.0644,0.1439999999999983,26.07122099173723,0.6517805247934307,0.3838126540673788,43.05714,0.0,0.0,0.1269999999999997,0.0664,2.040699999999992,77.06116623967154,0.761639,1
2026-06-23 18:45:00,T03,transformer,40.0,17,0.85,0.9919,542.47,49.963,28.622,7.627,0.9439,110.27,77.78,2.504,0,high_risk,overheating,0,61,0.0080999999999999,0.036999999999999,29.620769959607735,0.7405192489901934,0.2664733421843337,85.768006,0.0,30.269999999999996,0.0,0.0561,0.8269999999999955,122.95596844950968,0.99621946,1
2026-06-23 19:00:00,T03,transformer,40.0,17,0.85,0.9969,332.92,49.983,17.289,6.213,0.9214,98.67,46.98,2.916,4,high_risk,overheating,0,50,0.0030999999999999,0.017000000000003,18.371469456741885,0.4592867364185471,0.3593614436925212,46.355166,0.0,18.67,0.0,0.0786,0.902000000000015,69.38150282092735,0.9175546,1
2026-06-24 09:15:00,T01,transformer,40.0,6,0.9,0.992,420.0,49.956,21.569,6.846,0.9307,101.59,58.61,2.858,1,high_risk,overheating,0,69,0.008,0.0439999999999969,22.629394092639775,0.5657348523159944,0.3173999721822987,59.541899,0.0,21.590000000000003,0.0,0.0693,0.992999999999985,87.98864161579972,0.962514,1
2026-06-24 18:30:00,T03,transformer,40.0,17,0.85,0.9404,425.2,49.892,22.674,6.279,0.9637,60.08,61.61,5.5,3,high_risk,voltage_instability,0,17,0.0595999999999999,0.1079999999999969,23.527348278120932,0.5881837069530234,0.2769251124636147,37.015288,0.0,0.0,0.5,0.0363,1.5489999999999848,68.11647334765117,0.7731364,1
2026-06-24 20:45:00,T02,transformer,63.0,11,1.0,0.9245,749.93,49.84,39.731,14.859,0.9366,67.84,68.55,5.69,5,high_risk,voltage_instability,0,15,0.0755,0.1599999999999966,42.41865441053028,0.6733119747703219,0.3739900833102615,46.50432,0.0,0.0,0.6900000000000004,0.0634,2.257999999999983,82.36991873851609,0.9952448,1
2026-06-25 02:00:00,T03,transformer,40.0,17,0.85,0.9339,438.45,49.874,22.415,8.643,0.933,68.82,60.91,4.354,3,high_risk,voltage_instability,0,40,0.0661,0.1259999999999976,24.02360659851056,0.600590164962764,0.3855900066919474,41.918262,0.0,0.0,0.0,0.0669999999999999,1.9609999999999883,73.2697702481382,0.7916811,1
2026-06-25 14:00:00,T02,transformer,63.0,11,1.0,0.9203,715.5,49.904,38.267,14.41,0.9358,61.54,66.02,5.598,6,high_risk,voltage_instability,0,33,0.0797,0.0959999999999965,40.89023586383429,0.6490513629180046,0.3765646640708704,40.628708,0.0,0.0,0.5979999999999999,0.0642,1.978799999999983,75.27327614590023,0.96548927,1
2026-06-25 20:00:00,T03,transformer,40.0,17,0.85,0.9672,576.93,49.97,25.485,6.931,0.9302,92.71,84.9,3.414,0,high_risk,overload,0,50,0.0328,0.0300000000000011,26.41067939300313,0.6602669848250782,0.2719639003335295,78.71079,0.0,12.709999999999994,0.0,0.0697999999999999,1.176000000000006,112.38013924125391,0.906018,1
2026-06-26 02:30:00,T03,transformer,40.0,17,0.85,0.9699,576.63,50.009,25.267,8.051,0.9202,89.96,83.35,4.527,3,high_risk,overload,0,35,0.0301,0.0090000000000003,26.518670592622097,0.6629667648155524,0.3186369572960779,74.98165999999999,0.0,9.959999999999994,0.0,0.0797999999999999,1.1440000000000017,108.7319982407776,0.787986,1
2026-06-26 12:00:00,T02,transformer,63.0,11,1.0,0.93,598.78,49.895,31.235,8.787,0.9626,63.82,53.89,5.468,3,high_risk,voltage_instability,0,68,0.0699999999999999,0.1049999999999968,32.447443566481475,0.5150387867695472,0.2813190331359053,34.392598,0.0,0.0,0.4679999999999999,0.0373999999999999,1.6457999999999835,62.012537338477365,0.85890245,1
2026-06-26 15:15:00,T03,transformer,40.0,17,0.85,0.9378,443.03,49.866,23.283,7.505,0.9518,60.86,63.27,4.992,1,high_risk,voltage_instability,0,16,0.0622,0.1340000000000003,24.46268820060461,0.6115672050151153,0.3223381866597947,38.506122,0.0,0.0,0.0,0.0482,1.7740000000000022,70.32848225075577,0.9049814,1
2026-06-26 16:30:00,T01,transformer,40.0,6,0.9,1.0059,477.08,49.989,25.429,7.414,0.9377,103.79,69.1,1.989,1,high_risk,overheating,0,35,0.0059,0.0110000000000027,26.4877601355796,0.6621940033894901,0.2915568838727437,71.71889,0.0,23.790000000000006,0.0,0.0623,0.7370000000000143,104.9465901694745,0.94908303,1
2026-06-27 00:45:00,T01,transformer,40.0,6,0.9,0.9233,421.57,49.872,22.649,7.337,0.9513,64.37,61.55,5.01,2,high_risk,voltage_instability,0,18,0.0766999999999999,0.1280000000000001,23.807746008389792,0.5951936502097448,0.3239436619718309,39.619735,0.0,0.0,0.0099999999999997,0.0486999999999999,1.895,70.92341751048724,0.9530744,1
